{
    "Items": [
        {
            "date": {
                "S": "2025-09-26"
            },
            "note": {
                "S": "App not working"
            },
            "createdAt": {
                "S": "2025-09-26T00:00:00.000Z"
            },
            "mood": {
                "N": "2"
            },
            "id": {
                "S": "m-u-1758879599235-ox-1758844800000"
            },
            "userId": {
                "S": "u-1758879599235-ox"
            },
            "timestamp": {
                "N": "1758844800000"
            }
        },
        {
            "date": {
                "S": "2025-09-16"
            },
            "note": {
                "S": "Did well in my coding session"
            },
            "createdAt": {
                "S": "2025-09-16T00:00:00.000Z"
            },
            "mood": {
                "N": "2"
            },
            "id": {
                "S": "m-u-1758879876677-16-1757980800000"
            },
            "userId": {
                "S": "u-1758879876677-16"
            },
            "timestamp": {
                "N": "1757980800000"
            }
        },
        {
            "date": {
                "S": "2025-09-16"
            },
            "note": {
                "S": "Did well in my coding session"
            },
            "createdAt": {
                "S": "2025-09-16T00:00:00.000Z"
            },
            "mood": {
                "N": "2"
            },
            "id": {
                "S": "m-u-1758879701700-q4-1757980800000"
            },
            "userId": {
                "S": "u-1758879701700-q4"
            },
            "timestamp": {
                "N": "1757980800000"
            }
        },
        {
            "date": {
                "S": "2025-09-16"
            },
            "note": {
                "S": "Did well in my coding session"
            },
            "createdAt": {
                "S": "2025-09-16T00:00:00.000Z"
            },
            "mood": {
                "N": "2"
            },
            "id": {
                "S": "m-u-1758880043307-gv-1757980800000"
            },
            "userId": {
                "S": "u-1758880043307-gv"
            },
            "timestamp": {
                "N": "1757980800000"
            }
        },
        {
            "date": {
                "S": "2025-09-16"
            },
            "note": {
                "S": "Did well in my coding session"
            },
            "createdAt": {
                "S": "2025-09-16T00:00:00.000Z"
            },
            "mood": {
                "N": "2"
            },
            "id": {
                "S": "m-u-1758879639631-md-1757980800000"
            },
            "userId": {
                "S": "u-1758879639631-md"
            },
            "timestamp": {
                "N": "1757980800000"
            }
        },
        {
            "date": {
                "S": "2025-09-26"
            },
            "note": {
                "S": ""
            },
            "createdAt": {
                "S": "2025-09-26T00:00:00.000Z"
            },
            "mood": {
                "N": "2"
            },
            "id": {
                "S": "m-u-1758879866678-h2-1758844800000"
            },
            "userId": {
                "S": "u-1758879866678-h2"
            },
            "timestamp": {
                "N": "1758844800000"
            }
        }
    ],
    "Count": 6,
    "ScannedCount": 6,
    "ConsumedCapacity": null
}
